
{
    "seed":3,
    "losses": {
        "type": "wce_w10sdice",
        "weight_rd": [0.0004236998233593304, 0.4749960642363426, 0.4175089566101426, 0.1070712793301555],
        "weight_ra": [0.00012380283547712211, 0.49374198702138145, 0.4158134117152977, 0.09032079842784382]
    },
    "lr_scheduler": {
        "type": "exp",
        "gamma": 0.9
    },
    "optimizer": {
        "lr": 1e-3
    },
    "num_epochs":1,
    "dataloader": {
        "train": {
            "batch_size": 4,
            "num_workers": 4
        },
        "val": {
            "batch_size": 1,
            "num_workers": 1
        },
        "test": {
            "batch_size": 1,
            "num_workers": 1
        }
    },

    "win_size": 5,
    "transformations": ["hflip", "vflip"],
    "norm_type": "tvt"
}